{"means": [445.829743886355, 600.8042725809652, 447.82798406957306], "stds": [286.3371586646361, 284.5214077804067, 167.26075860209383]}